Abv,City,County
NY,Albany,Albany
NY,Albany,Alcove
NY,Albany,Altamont
NY,Albany,Berne
NY,Albany,Clarksville
NY,Albany,Coeymans
NY,Albany,Coeymans Hollow
NY,Albany,Cohoes
NY,Albany,Delmar
NY,Albany,Dormansville
NY,Albany,East Berne
NY,Albany,Feura Bush
NY,Albany,Glenmont
NY,Albany,Guilderland
NY,Albany,Guilderland Center
NY,Albany,Knox
NY,Albany,Latham
NY,Albany,Medusa
NY,Albany,Newtonville
NY,Albany,Preston Hollow
NY,Albany,Ravena
NY,Albany,Rensselaerville
NY,Albany,Selkirk
NY,Albany,Slingerlands
NY,Albany,South Bethlehem
NY,Albany,Troy
NY,Albany,Voorheesville
NY,Albany,Watervliet
NY,Albany,Westerlo
NY,Allegany,Alfred
NY,Allegany,Alfred Station
NY,Allegany,Allentown
NY,Allegany,Alma
NY,Allegany,Almond
NY,Allegany,Andover
NY,Allegany,Angelica
NY,Allegany,Belfast
NY,Allegany,Belmont
NY,Allegany,Black Creek
NY,Allegany,Bolivar
NY,Allegany,Canaseraga
NY,Allegany,Caneadea
NY,Allegany,Centerville
NY,Allegany,Ceres
NY,Allegany,Cuba
NY,Allegany,Fillmore
NY,Allegany,Friendship
NY,Allegany,Houghton
NY,Allegany,Hume
NY,Allegany,Little Genesee
NY,Allegany,Richburg
NY,Allegany,Rushford
NY,Allegany,Scio
NY,Allegany,Swain
NY,Allegany,Wellsville
NY,Allegany,West Clarksville
NY,Allegany,Whitesville
NY,Bronx,Bronx
NY,Broome,Bible School Park
NY,Broome,Binghamton
NY,Broome,Castle Creek
NY,Broome,Chenango Bridge
NY,Broome,Chenango Forks
NY,Broome,Conklin
NY,Broome,Corbettsville
NY,Broome,Deposit
NY,Broome,Endicott
NY,Broome,Endwell
NY,Broome,Glen Aubrey
NY,Broome,Harpursville
NY,Broome,Johnson City
NY,Broome,Killawog
NY,Broome,Kirkwood
NY,Broome,Lisle
NY,Broome,Maine
NY,Broome,Nineveh
NY,Broome,Ouaquaga
NY,Broome,Port Crane
NY,Broome,Tunnel
NY,Broome,Vestal
NY,Broome,Whitney Point
NY,Broome,Windsor
NY,Cattaraugus,Allegany
NY,Cattaraugus,Cattaraugus
NY,Cattaraugus,Conewango Valley
NY,Cattaraugus,Dayton
NY,Cattaraugus,Delevan
NY,Cattaraugus,East Otto
NY,Cattaraugus,East Randolph
NY,Cattaraugus,Ellicottville
NY,Cattaraugus,Farmersville Station
NY,Cattaraugus,Franklinville
NY,Cattaraugus,Freedom
NY,Cattaraugus,Gowanda
NY,Cattaraugus,Great Valley
NY,Cattaraugus,Hinsdale
NY,Cattaraugus,Kill Buck
NY,Cattaraugus,Leon
NY,Cattaraugus,Limestone
NY,Cattaraugus,Little Valley
NY,Cattaraugus,Machias
NY,Cattaraugus,Olean
NY,Cattaraugus,Otto
NY,Cattaraugus,Perrysburg
NY,Cattaraugus,Portville
NY,Cattaraugus,Randolph
NY,Cattaraugus,Saint Bonaventure
NY,Cattaraugus,Salamanca
NY,Cattaraugus,Sandusky
NY,Cattaraugus,South Dayton
NY,Cattaraugus,Steamburg
NY,Cattaraugus,Versailles
NY,Cattaraugus,West Valley
NY,Cattaraugus,Westons Mills
NY,Cattaraugus,Yorkshire
NY,Cayuga,Auburn
NY,Cayuga,Aurora
NY,Cayuga,Cato
NY,Cayuga,Cayuga
NY,Cayuga,Genoa
NY,Cayuga,King Ferry
NY,Cayuga,Locke
NY,Cayuga,Martville
NY,Cayuga,Meridian
NY,Cayuga,Montezuma
NY,Cayuga,Moravia
NY,Cayuga,Poplar Ridge
NY,Cayuga,Port Byron
NY,Cayuga,Scipio Center
NY,Cayuga,Sterling
NY,Cayuga,Union Springs
NY,Cayuga,Weedsport
NY,Chautauqua,Ashville
NY,Chautauqua,Bemus Point
NY,Chautauqua,Brocton
NY,Chautauqua,Cassadaga
NY,Chautauqua,Celoron
NY,Chautauqua,Chautauqua
NY,Chautauqua,Cherry Creek
NY,Chautauqua,Clymer
NY,Chautauqua,Dewittville
NY,Chautauqua,Dunkirk
NY,Chautauqua,Ellington
NY,Chautauqua,Falconer
NY,Chautauqua,Findley Lake
NY,Chautauqua,Forestville
NY,Chautauqua,Fredonia
NY,Chautauqua,Frewsburg
NY,Chautauqua,Gerry
NY,Chautauqua,Greenhurst
NY,Chautauqua,Irving
NY,Chautauqua,Jamestown
NY,Chautauqua,Kennedy
NY,Chautauqua,Lakewood
NY,Chautauqua,Lily Dale
NY,Chautauqua,Maple Springs
NY,Chautauqua,Mayville
NY,Chautauqua,Niobe
NY,Chautauqua,Panama
NY,Chautauqua,Portland
NY,Chautauqua,Ripley
NY,Chautauqua,Sheridan
NY,Chautauqua,Sherman
NY,Chautauqua,Silver Creek
NY,Chautauqua,Sinclairville
NY,Chautauqua,Stockton
NY,Chautauqua,Stow
NY,Chautauqua,Van Buren Point
NY,Chautauqua,Westfield
NY,Chemung,Big Flats
NY,Chemung,Breesport
NY,Chemung,Chemung
NY,Chemung,Elmira
NY,Chemung,Erin
NY,Chemung,Horseheads
NY,Chemung,Lowman
NY,Chemung,Millport
NY,Chemung,Pine City
NY,Chemung,Pine Valley
NY,Chemung,Van Etten
NY,Chemung,Wellsburg
NY,Chenango,Afton
NY,Chenango,Bainbridge
NY,Chenango,Earlville
NY,Chenango,East Pharsalia
NY,Chenango,Georgetown
NY,Chenango,Greene
NY,Chenango,Guilford
NY,Chenango,Mc Donough
NY,Chenango,Mount Upton
NY,Chenango,New Berlin
NY,Chenango,North Norwich
NY,Chenango,North Pitcher
NY,Chenango,Norwich
NY,Chenango,Oxford
NY,Chenango,Pitcher
NY,Chenango,Plymouth
NY,Chenango,Sherburne
NY,Chenango,Smithville Flats
NY,Chenango,Smyrna
NY,Chenango,South New Berlin
NY,Chenango,South Otselic
NY,Chenango,South Plymouth
NY,Clinton,Altona
NY,Clinton,Au Sable Forks
NY,Clinton,Cadyville
NY,Clinton,Champlain
NY,Clinton,Chazy
NY,Clinton,Churubusco
NY,Clinton,Dannemora
NY,Clinton,Ellenburg
NY,Clinton,Ellenburg Center
NY,Clinton,Ellenburg Depot
NY,Clinton,Keeseville
NY,Clinton,Lyon Mountain
NY,Clinton,Mooers
NY,Clinton,Mooers Forks
NY,Clinton,Morrisonville
NY,Clinton,Peru
NY,Clinton,Plattsburgh
NY,Clinton,Redford
NY,Clinton,Rouses Point
NY,Clinton,Saranac
NY,Clinton,Schuyler Falls
NY,Clinton,West Chazy
NY,Columbia,Ancram
NY,Columbia,Ancramdale
NY,Columbia,Austerlitz
NY,Columbia,Canaan
NY,Columbia,Chatham
NY,Columbia,Claverack
NY,Columbia,Columbiaville
NY,Columbia,Copake
NY,Columbia,Copake Falls
NY,Columbia,Craryville
NY,Columbia,East Chatham
NY,Columbia,Elizaville
NY,Columbia,Germantown
NY,Columbia,Ghent
NY,Columbia,Hillsdale
NY,Columbia,Hollowville
NY,Columbia,Hudson
NY,Columbia,Kinderhook
NY,Columbia,Livingston
NY,Columbia,Malden Bridge
NY,Columbia,Mellenville
NY,Columbia,New Lebanon
NY,Columbia,Niverville
NY,Columbia,North Chatham
NY,Columbia,Old Chatham
NY,Columbia,Philmont
NY,Columbia,Spencertown
NY,Columbia,Stottville
NY,Columbia,Stuyvesant
NY,Columbia,Stuyvesant Falls
NY,Columbia,Valatie
NY,Columbia,West Copake
NY,Columbia,West Lebanon
NY,Cortland,Blodgett Mills
NY,Cortland,Cincinnatus
NY,Cortland,Cortland
NY,Cortland,East Homer
NY,Cortland,Harford
NY,Cortland,Homer
NY,Cortland,Little York
NY,Cortland,Marathon
NY,Cortland,Mc Graw
NY,Cortland,Preble
NY,Cortland,Truxton
NY,Cortland,Willet
NY,Delaware,Andes
NY,Delaware,Arkville
NY,Delaware,Bloomville
NY,Delaware,Bovina Center
NY,Delaware,Davenport
NY,Delaware,Davenport Center
NY,Delaware,De Lancey
NY,Delaware,Delhi
NY,Delaware,Denver
NY,Delaware,Downsville
NY,Delaware,East Branch
NY,Delaware,East Meredith
NY,Delaware,Fishs Eddy
NY,Delaware,Fleischmanns
NY,Delaware,Franklin
NY,Delaware,Grand Gorge
NY,Delaware,Halcottsville
NY,Delaware,Hamden
NY,Delaware,Hancock
NY,Delaware,Harpersfield
NY,Delaware,Hobart
NY,Delaware,Margaretville
NY,Delaware,Masonville
NY,Delaware,Meridale
NY,Delaware,New Kingston
NY,Delaware,Roxbury
NY,Delaware,Shinhopple
NY,Delaware,Sidney
NY,Delaware,Sidney Center
NY,Delaware,South Kortright
NY,Delaware,Stamford
NY,Delaware,Treadwell
NY,Delaware,Trout Creek
NY,Delaware,Walton
NY,Delaware,West Davenport
NY,Dutchess,Amenia
NY,Dutchess,Annandale On Hudson
NY,Dutchess,Bangall
NY,Dutchess,Barrytown
NY,Dutchess,Beacon
NY,Dutchess,Billings
NY,Dutchess,Castle Point
NY,Dutchess,Chelsea
NY,Dutchess,Clinton Corners
NY,Dutchess,Dover Plains
NY,Dutchess,Fishkill
NY,Dutchess,Glenham
NY,Dutchess,Holmes
NY,Dutchess,Hopewell Junction
NY,Dutchess,Hughsonville
NY,Dutchess,Hyde Park
NY,Dutchess,Lagrangeville
NY,Dutchess,Millbrook
NY,Dutchess,Millerton
NY,Dutchess,Pawling
NY,Dutchess,Pine Plains
NY,Dutchess,Pleasant Valley
NY,Dutchess,Poughkeepsie
NY,Dutchess,Poughquag
NY,Dutchess,Red Hook
NY,Dutchess,Rhinebeck
NY,Dutchess,Rhinecliff
NY,Dutchess,Salt Point
NY,Dutchess,Staatsburg
NY,Dutchess,Stanfordville
NY,Dutchess,Stormville
NY,Dutchess,Tivoli
NY,Dutchess,Verbank
NY,Dutchess,Wappingers Falls
NY,Dutchess,Wassaic
NY,Dutchess,Wingdale
NY,Erie,Akron
NY,Erie,Alden
NY,Erie,Angola
NY,Erie,Athol Springs
NY,Erie,Boston
NY,Erie,Bowmansville
NY,Erie,Brant
NY,Erie,Buffalo
NY,Erie,Chaffee
NY,Erie,Clarence
NY,Erie,Clarence Center
NY,Erie,Colden
NY,Erie,Collins
NY,Erie,Collins Center
NY,Erie,Crittenden
NY,Erie,Depew
NY,Erie,Derby
NY,Erie,East Amherst
NY,Erie,East Aurora
NY,Erie,East Concord
NY,Erie,Eden
NY,Erie,Elma
NY,Erie,Farnham
NY,Erie,Getzville
NY,Erie,Glenwood
NY,Erie,Grand Island
NY,Erie,Hamburg
NY,Erie,Holland
NY,Erie,Lake View
NY,Erie,Lancaster
NY,Erie,Lawtons
NY,Erie,Marilla
NY,Erie,North Boston
NY,Erie,North Collins
NY,Erie,North Evans
NY,Erie,Orchard Park
NY,Erie,Sardinia
NY,Erie,South Wales
NY,Erie,Spring Brook
NY,Erie,Springville
NY,Erie,Tonawanda
NY,Erie,Wales Center
NY,Erie,West Falls
NY,Essex,Bloomingdale
NY,Essex,Crown Point
NY,Essex,Elizabethtown
NY,Essex,Essex
NY,Essex,Jay
NY,Essex,Keene
NY,Essex,Keene Valley
NY,Essex,Keeseville
NY,Essex,Lake Placid
NY,Essex,Lewis
NY,Essex,Minerva
NY,Essex,Mineville
NY,Essex,Moriah
NY,Essex,Moriah Center
NY,Essex,New Russia
NY,Essex,Newcomb
NY,Essex,North Hudson
NY,Essex,Olmstedville
NY,Essex,Paradox
NY,Essex,Port Henry
NY,Essex,Port Kent
NY,Essex,Ray Brook
NY,Essex,Schroon Lake
NY,Essex,Severance
NY,Essex,Ticonderoga
NY,Essex,Upper Jay
NY,Essex,Westport
NY,Essex,Willsboro
NY,Essex,Wilmington
NY,Essex,Witherbee
NY,Franklin,Bombay
NY,Franklin,Brainardsville
NY,Franklin,Brushton
NY,Franklin,Burke
NY,Franklin,Chateaugay
NY,Franklin,Constable
NY,Franklin,Dickinson Center
NY,Franklin,Fort Covington
NY,Franklin,Gabriels
NY,Franklin,Hogansburg
NY,Franklin,Lake Clear
NY,Franklin,Malone
NY,Franklin,Moira
NY,Franklin,North Bangor
NY,Franklin,Owls Head
NY,Franklin,Paul Smiths
NY,Franklin,Rainbow Lake
NY,Franklin,Saint Regis Falls
NY,Franklin,Saranac Lake
NY,Franklin,Tupper Lake
NY,Franklin,Vermontville
NY,Franklin,Whippleville
NY,Fulton,Broadalbin
NY,Fulton,Caroga Lake
NY,Fulton,Gloversville
NY,Fulton,Johnstown
NY,Fulton,Mayfield
NY,Fulton,Northville
NY,Fulton,Stratford
NY,Genesee,Alabama
NY,Genesee,Alexander
NY,Genesee,Basom
NY,Genesee,Batavia
NY,Genesee,Bergen
NY,Genesee,Byron
NY,Genesee,Corfu
NY,Genesee,Darien Center
NY,Genesee,East Bethany
NY,Genesee,East Pembroke
NY,Genesee,Elba
NY,Genesee,Le Roy
NY,Genesee,Linwood
NY,Genesee,Oakfield
NY,Genesee,Pavilion
NY,Genesee,South Byron
NY,Genesee,Stafford
NY,Greene,Acra
NY,Greene,Ashland
NY,Greene,Athens
NY,Greene,Cairo
NY,Greene,Catskill
NY,Greene,Climax
NY,Greene,Cornwallville
NY,Greene,Coxsackie
NY,Greene,Durham
NY,Greene,Earlton
NY,Greene,East Durham
NY,Greene,East Jewett
NY,Greene,Elka Park
NY,Greene,Freehold
NY,Greene,Greenville
NY,Greene,Haines Falls
NY,Greene,Hannacroix
NY,Greene,Hensonville
NY,Greene,Hunter
NY,Greene,Jewett
NY,Greene,Lanesville
NY,Greene,Leeds
NY,Greene,Lexington
NY,Greene,Maplecrest
NY,Greene,New Baltimore
NY,Greene,Oak Hill
NY,Greene,Palenville
NY,Greene,Prattsville
NY,Greene,Purling
NY,Greene,Round Top
NY,Greene,South Cairo
NY,Greene,Surprise
NY,Greene,Tannersville
NY,Greene,West Coxsackie
NY,Greene,West Kill
NY,Greene,Windham
NY,Hamilton,Blue Mountain Lake
NY,Hamilton,Hoffmeister
NY,Hamilton,Indian Lake
NY,Hamilton,Inlet
NY,Hamilton,Lake Pleasant
NY,Hamilton,Long Lake
NY,Hamilton,Piseco
NY,Hamilton,Raquette Lake
NY,Hamilton,Sabael
NY,Hamilton,Speculator
NY,Hamilton,Wells
NY,Herkimer,Cold Brook
NY,Herkimer,Dolgeville
NY,Herkimer,Eagle Bay
NY,Herkimer,Frankfort
NY,Herkimer,Herkimer
NY,Herkimer,Ilion
NY,Herkimer,Jordanville
NY,Herkimer,Little Falls
NY,Herkimer,Middleville
NY,Herkimer,Mohawk
NY,Herkimer,Newport
NY,Herkimer,Old Forge
NY,Herkimer,Poland
NY,Herkimer,Salisbury Center
NY,Herkimer,Thendara
NY,Herkimer,Van Hornesville
NY,Herkimer,West Winfield
NY,Jefferson,Adams
NY,Jefferson,Adams Center
NY,Jefferson,Alexandria Bay
NY,Jefferson,Antwerp
NY,Jefferson,Belleville
NY,Jefferson,Black River
NY,Jefferson,Brownville
NY,Jefferson,Calcium
NY,Jefferson,Cape Vincent
NY,Jefferson,Carthage
NY,Jefferson,Chaumont
NY,Jefferson,Clayton
NY,Jefferson,Deferiet
NY,Jefferson,Depauville
NY,Jefferson,Dexter
NY,Jefferson,Ellisburg
NY,Jefferson,Evans Mills
NY,Jefferson,Felts Mills
NY,Jefferson,Fishers Landing
NY,Jefferson,Fort Drum
NY,Jefferson,Great Bend
NY,Jefferson,Henderson
NY,Jefferson,Henderson Harbor
NY,Jefferson,La Fargeville
NY,Jefferson,Limerick
NY,Jefferson,Lorraine
NY,Jefferson,Mannsville
NY,Jefferson,Natural Bridge
NY,Jefferson,Oxbow
NY,Jefferson,Philadelphia
NY,Jefferson,Pierrepont Manor
NY,Jefferson,Plessis
NY,Jefferson,Redwood
NY,Jefferson,Rodman
NY,Jefferson,Sackets Harbor
NY,Jefferson,South Rutland
NY,Jefferson,Theresa
NY,Jefferson,Thousand Island Park
NY,Jefferson,Three Mile Bay
NY,Jefferson,Watertown
NY,Jefferson,Wellesley Island
NY,Kings,Brooklyn
NY,Lewis,Beaver Falls
NY,Lewis,Brantingham
NY,Lewis,Castorland
NY,Lewis,Constableville
NY,Lewis,Copenhagen
NY,Lewis,Croghan
NY,Lewis,Deer River
NY,Lewis,Denmark
NY,Lewis,Glenfield
NY,Lewis,Greig
NY,Lewis,Harrisville
NY,Lewis,Lowville
NY,Lewis,Lyons Falls
NY,Lewis,Martinsburg
NY,Lewis,Port Leyden
NY,Lewis,Turin
NY,Lewis,West Leyden
NY,Livingston,Avon
NY,Livingston,Caledonia
NY,Livingston,Conesus
NY,Livingston,Dalton
NY,Livingston,Dansville
NY,Livingston,Geneseo
NY,Livingston,Groveland
NY,Livingston,Hemlock
NY,Livingston,Hunt
NY,Livingston,Lakeville
NY,Livingston,Leicester
NY,Livingston,Lima
NY,Livingston,Livonia
NY,Livingston,Livonia Center
NY,Livingston,Mount Morris
NY,Livingston,Nunda
NY,Livingston,Piffard
NY,Livingston,Retsof
NY,Livingston,Scottsburg
NY,Livingston,Sonyea
NY,Livingston,South Lima
NY,Livingston,Springwater
NY,Livingston,York
NY,Madison,Bouckville
NY,Madison,Brookfield
NY,Madison,Canastota
NY,Madison,Cazenovia
NY,Madison,Chittenango
NY,Madison,Clockville
NY,Madison,De Ruyter
NY,Madison,Eaton
NY,Madison,Erieville
NY,Madison,Georgetown
NY,Madison,Hamilton
NY,Madison,Hubbardsville
NY,Madison,Leonardsville
NY,Madison,Madison
NY,Madison,Morrisville
NY,Madison,Munnsville
NY,Madison,New Woodstock
NY,Madison,North Brookfield
NY,Madison,Oneida
NY,Madison,Peterboro
NY,Madison,Solsville
NY,Madison,Wampsville
NY,Madison,West Eaton
NY,Monroe,Adams Basin
NY,Monroe,Brockport
NY,Monroe,Churchville
NY,Monroe,Clarkson
NY,Monroe,East Rochester
NY,Monroe,Fairport
NY,Monroe,Hamlin
NY,Monroe,Henrietta
NY,Monroe,Hilton
NY,Monroe,Honeoye Falls
NY,Monroe,Mendon
NY,Monroe,Mumford
NY,Monroe,North Chili
NY,Monroe,North Greece
NY,Monroe,Penfield
NY,Monroe,Pittsford
NY,Monroe,Rochester
NY,Monroe,Rush
NY,Monroe,Scottsville
NY,Monroe,Spencerport
NY,Monroe,Webster
NY,Monroe,West Henrietta
NY,Montgomery,Amsterdam
NY,Montgomery,Auriesville
NY,Montgomery,Canajoharie
NY,Montgomery,Esperance
NY,Montgomery,Fonda
NY,Montgomery,Fort Hunter
NY,Montgomery,Fort Johnson
NY,Montgomery,Fort Plain
NY,Montgomery,Fultonville
NY,Montgomery,Hagaman
NY,Montgomery,Nelliston
NY,Montgomery,Palatine Bridge
NY,Montgomery,Saint Johnsville
NY,Montgomery,Sprakers
NY,Montgomery,Tribes Hill
NY,Nassau,Albertson
NY,Nassau,Atlantic Beach
NY,Nassau,Baldwin
NY,Nassau,Bayville
NY,Nassau,Bellmore
NY,Nassau,Bethpage
NY,Nassau,Carle Place
NY,Nassau,Cedarhurst
NY,Nassau,East Meadow
NY,Nassau,East Norwich
NY,Nassau,East Rockaway
NY,Nassau,Elmont
NY,Nassau,Farmingdale
NY,Nassau,Floral Park
NY,Nassau,Franklin Square
NY,Nassau,Freeport
NY,Nassau,Garden City
NY,Nassau,Glen Cove
NY,Nassau,Glen Head
NY,Nassau,Glenwood Landing
NY,Nassau,Great Neck
NY,Nassau,Greenvale
NY,Nassau,Hempstead
NY,Nassau,Hewlett
NY,Nassau,Hicksville
NY,Nassau,Inwood
NY,Nassau,Island Park
NY,Nassau,Jericho
NY,Nassau,Lawrence
NY,Nassau,Levittown
NY,Nassau,Locust Valley
NY,Nassau,Long Beach
NY,Nassau,Lynbrook
NY,Nassau,Malverne
NY,Nassau,Manhasset
NY,Nassau,Massapequa
NY,Nassau,Massapequa Park
NY,Nassau,Merrick
NY,Nassau,Mill Neck
NY,Nassau,Mineola
NY,Nassau,New Hyde Park
NY,Nassau,Oceanside
NY,Nassau,Old Bethpage
NY,Nassau,Old Westbury
NY,Nassau,Oyster Bay
NY,Nassau,Plainview
NY,Nassau,Point Lookout
NY,Nassau,Port Washington
NY,Nassau,Rockville Centre
NY,Nassau,Roosevelt
NY,Nassau,Roslyn
NY,Nassau,Roslyn Heights
NY,Nassau,Sea Cliff
NY,Nassau,Seaford
NY,Nassau,Syosset
NY,Nassau,Uniondale
NY,Nassau,Valley Stream
NY,Nassau,Wantagh
NY,Nassau,West Hempstead
NY,Nassau,Westbury
NY,Nassau,Williston Park
NY,Nassau,Woodbury
NY,Nassau,Woodmere
NY,New York,New York
NY,Niagara,Appleton
NY,Niagara,Barker
NY,Niagara,Burt
NY,Niagara,Gasport
NY,Niagara,Lewiston
NY,Niagara,Lockport
NY,Niagara,Middleport
NY,Niagara,Model City
NY,Niagara,Newfane
NY,Niagara,Niagara Falls
NY,Niagara,Niagara University
NY,Niagara,North Tonawanda
NY,Niagara,Olcott
NY,Niagara,Ransomville
NY,Niagara,Sanborn
NY,Niagara,Stella Niagara
NY,Niagara,Wilson
NY,Niagara,Youngstown
NY,Oneida,Alder Creek
NY,Oneida,Ava
NY,Oneida,Barneveld
NY,Oneida,Blossvale
NY,Oneida,Boonville
NY,Oneida,Bridgewater
NY,Oneida,Camden
NY,Oneida,Cassville
NY,Oneida,Chadwicks
NY,Oneida,Clark Mills
NY,Oneida,Clayville
NY,Oneida,Clinton
NY,Oneida,Deansboro
NY,Oneida,Durhamville
NY,Oneida,Forestport
NY,Oneida,Franklin Springs
NY,Oneida,Hinckley
NY,Oneida,Holland Patent
NY,Oneida,Knoxboro
NY,Oneida,Lee Center
NY,Oneida,Marcy
NY,Oneida,Mc Connellsville
NY,Oneida,New Hartford
NY,Oneida,New York Mills
NY,Oneida,North Bay
NY,Oneida,Oriskany
NY,Oneida,Oriskany Falls
NY,Oneida,Prospect
NY,Oneida,Remsen
NY,Oneida,Rome
NY,Oneida,Sangerfield
NY,Oneida,Sauquoit
NY,Oneida,Sherrill
NY,Oneida,Stittville
NY,Oneida,Sylvan Beach
NY,Oneida,Taberg
NY,Oneida,Utica
NY,Oneida,Vernon
NY,Oneida,Vernon Center
NY,Oneida,Verona
NY,Oneida,Verona Beach
NY,Oneida,Washington Mills
NY,Oneida,Waterville
NY,Oneida,Westdale
NY,Oneida,Westernville
NY,Oneida,Westmoreland
NY,Oneida,Whitesboro
NY,Oneida,Woodgate
NY,Oneida,Yorkville
NY,Onondaga,Apulia Station
NY,Onondaga,Baldwinsville
NY,Onondaga,Brewerton
NY,Onondaga,Bridgeport
NY,Onondaga,Camillus
NY,Onondaga,Cicero
NY,Onondaga,Clay
NY,Onondaga,Delphi Falls
NY,Onondaga,East Syracuse
NY,Onondaga,Elbridge
NY,Onondaga,Fabius
NY,Onondaga,Fayetteville
NY,Onondaga,Jamesville
NY,Onondaga,Jordan
NY,Onondaga,Kirkville
NY,Onondaga,La Fayette
NY,Onondaga,Liverpool
NY,Onondaga,Manlius
NY,Onondaga,Marcellus
NY,Onondaga,Marietta
NY,Onondaga,Memphis
NY,Onondaga,Minoa
NY,Onondaga,Mottville
NY,Onondaga,Nedrow
NY,Onondaga,Plainville
NY,Onondaga,Pompey
NY,Onondaga,Skaneateles
NY,Onondaga,Skaneateles Falls
NY,Onondaga,Syracuse
NY,Onondaga,Tully
NY,Onondaga,Warners
NY,Ontario,Bloomfield
NY,Ontario,Canandaigua
NY,Ontario,Clifton Springs
NY,Ontario,East Bloomfield
NY,Ontario,Farmington
NY,Ontario,Fishers
NY,Ontario,Geneva
NY,Ontario,Gorham
NY,Ontario,Hall
NY,Ontario,Honeoye
NY,Ontario,Ionia
NY,Ontario,Manchester
NY,Ontario,Naples
NY,Ontario,Oaks Corners
NY,Ontario,Phelps
NY,Ontario,Port Gibson
NY,Ontario,Seneca Castle
NY,Ontario,Shortsville
NY,Ontario,Stanley
NY,Ontario,Victor
NY,Ontario,West Bloomfield
NY,Orange,Arden
NY,Orange,Bellvale
NY,Orange,Blooming Grove
NY,Orange,Bullville
NY,Orange,Campbell Hall
NY,Orange,Central Valley
NY,Orange,Chester
NY,Orange,Circleville
NY,Orange,Cornwall
NY,Orange,Cornwall On Hudson
NY,Orange,Cuddebackville
NY,Orange,Florida
NY,Orange,Fort Montgomery
NY,Orange,Godeffroy
NY,Orange,Goshen
NY,Orange,Greenwood Lake
NY,Orange,Harriman
NY,Orange,Highland Falls
NY,Orange,Highland Mills
NY,Orange,Howells
NY,Orange,Huguenot
NY,Orange,Johnson
NY,Orange,Maybrook
NY,Orange,Mid Hudson
NY,Orange,Middletown
NY,Orange,Monroe
NY,Orange,Montgomery
NY,Orange,Mountainville
NY,Orange,New Hampton
NY,Orange,New Milford
NY,Orange,New Windsor
NY,Orange,Newburgh
NY,Orange,Otisville
NY,Orange,Pine Bush
NY,Orange,Pine Island
NY,Orange,Port Jervis
NY,Orange,Rock Tavern
NY,Orange,Salisbury Mills
NY,Orange,Slate Hill
NY,Orange,Southfields
NY,Orange,Sparrow Bush
NY,Orange,Sterling Forest
NY,Orange,Sugar Loaf
NY,Orange,Thompson Ridge
NY,Orange,Tuxedo Park
NY,Orange,Unionville
NY,Orange,Vails Gate
NY,Orange,Walden
NY,Orange,Warwick
NY,Orange,Washingtonville
NY,Orange,West Point
NY,Orange,Westtown
NY,Orleans,Albion
NY,Orleans,Clarendon
NY,Orleans,Fancher
NY,Orleans,Holley
NY,Orleans,Kendall
NY,Orleans,Kent
NY,Orleans,Knowlesville
NY,Orleans,Lyndonville
NY,Orleans,Medina
NY,Orleans,Morton
NY,Orleans,Waterport
NY,Oswego,Altmar
NY,Oswego,Bernhards Bay
NY,Oswego,Central Square
NY,Oswego,Cleveland
NY,Oswego,Constantia
NY,Oswego,Fair Haven
NY,Oswego,Fulton
NY,Oswego,Hannibal
NY,Oswego,Hastings
NY,Oswego,Lacona
NY,Oswego,Lycoming
NY,Oswego,Mallory
NY,Oswego,Maple View
NY,Oswego,Mexico
NY,Oswego,Minetto
NY,Oswego,New Haven
NY,Oswego,Orwell
NY,Oswego,Oswego
NY,Oswego,Parish
NY,Oswego,Pennellville
NY,Oswego,Phoenix
NY,Oswego,Pulaski
NY,Oswego,Redfield
NY,Oswego,Richland
NY,Oswego,Sandy Creek
NY,Oswego,West Monroe
NY,Oswego,Williamstown
NY,Otsego,Burlington Flats
NY,Otsego,Cherry Valley
NY,Otsego,Colliersville
NY,Otsego,Cooperstown
NY,Otsego,East Springfield
NY,Otsego,East Worcester
NY,Otsego,Edmeston
NY,Otsego,Fly Creek
NY,Otsego,Garrattsville
NY,Otsego,Gilbertsville
NY,Otsego,Hartwick
NY,Otsego,Laurens
NY,Otsego,Maryland
NY,Otsego,Milford
NY,Otsego,Morris
NY,Otsego,Mount Vision
NY,Otsego,New Lisbon
NY,Otsego,Oneonta
NY,Otsego,Otego
NY,Otsego,Portlandville
NY,Otsego,Richfield Springs
NY,Otsego,Roseboom
NY,Otsego,Schenevus
NY,Otsego,Schuyler Lake
NY,Otsego,Springfield Center
NY,Otsego,Unadilla
NY,Otsego,Wells Bridge
NY,Otsego,West Burlington
NY,Otsego,West Edmeston
NY,Otsego,West Oneonta
NY,Otsego,Westford
NY,Otsego,Worcester
NY,Putnam,Brewster
NY,Putnam,Carmel
NY,Putnam,Cold Spring
NY,Putnam,Garrison
NY,Putnam,Lake Peekskill
NY,Putnam,Mahopac
NY,Putnam,Mahopac Falls
NY,Putnam,Patterson
NY,Putnam,Putnam Valley
NY,Queens,Arverne
NY,Queens,Astoria
NY,Queens,Bayside
NY,Queens,Bellerose
NY,Queens,Breezy Point
NY,Queens,Cambria Heights
NY,Queens,College Point
NY,Queens,Corona
NY,Queens,East Elmhurst
NY,Queens,Elmhurst
NY,Queens,Far Rockaway
NY,Queens,Floral Park
NY,Queens,Flushing
NY,Queens,Forest Hills
NY,Queens,Fresh Meadows
NY,Queens,Glen Oaks
NY,Queens,Hollis
NY,Queens,Howard Beach
NY,Queens,Jackson Heights
NY,Queens,Jamaica
NY,Queens,Kew Gardens
NY,Queens,Little Neck
NY,Queens,Long Island City
NY,Queens,Maspeth
NY,Queens,Middle Village
NY,Queens,Oakland Gardens
NY,Queens,Ozone Park
NY,Queens,Queens Village
NY,Queens,Rego Park
NY,Queens,Richmond Hill
NY,Queens,Ridgewood
NY,Queens,Rockaway Park
NY,Queens,Rosedale
NY,Queens,Saint Albans
NY,Queens,South Ozone Park
NY,Queens,South Richmond Hill
NY,Queens,Springfield Gardens
NY,Queens,Sunnyside
NY,Queens,Whitestone
NY,Queens,Woodhaven
NY,Queens,Woodside
NY,Rensselaer,Averill Park
NY,Rensselaer,Berlin
NY,Rensselaer,Brainard
NY,Rensselaer,Buskirk
NY,Rensselaer,Castleton On Hudson
NY,Rensselaer,Cherry Plain
NY,Rensselaer,Cropseyville
NY,Rensselaer,East Greenbush
NY,Rensselaer,East Nassau
NY,Rensselaer,East Schodack
NY,Rensselaer,Grafton
NY,Rensselaer,Hoosick
NY,Rensselaer,Hoosick Falls
NY,Rensselaer,Johnsonville
NY,Rensselaer,Melrose
NY,Rensselaer,Nassau
NY,Rensselaer,North Hoosick
NY,Rensselaer,Petersburg
NY,Rensselaer,Poestenkill
NY,Rensselaer,Rensselaer
NY,Rensselaer,Sand Lake
NY,Rensselaer,Schaghticoke
NY,Rensselaer,Schodack Landing
NY,Rensselaer,Stephentown
NY,Rensselaer,Troy
NY,Rensselaer,Valley Falls
NY,Rensselaer,West Sand Lake
NY,Rensselaer,Wynantskill
NY,Richmond,Staten Island
NY,Rockland,Bear Mountain
NY,Rockland,Blauvelt
NY,Rockland,Congers
NY,Rockland,Garnerville
NY,Rockland,Haverstraw
NY,Rockland,Hillburn
NY,Rockland,Monsey
NY,Rockland,Nanuet
NY,Rockland,New City
NY,Rockland,Nyack
NY,Rockland,Orangeburg
NY,Rockland,Palisades
NY,Rockland,Pearl River
NY,Rockland,Piermont
NY,Rockland,Pomona
NY,Rockland,Sloatsburg
NY,Rockland,Sparkill
NY,Rockland,Spring Valley
NY,Rockland,Stony Point
NY,Rockland,Suffern
NY,Rockland,Tallman
NY,Rockland,Tappan
NY,Rockland,Thiells
NY,Rockland,Tomkins Cove
NY,Rockland,Valley Cottage
NY,Rockland,West Haverstraw
NY,Rockland,West Nyack
NY,Saint Lawrence,Brasher Falls
NY,Saint Lawrence,Brier Hill
NY,Saint Lawrence,Canton
NY,Saint Lawrence,Chase Mills
NY,Saint Lawrence,Childwold
NY,Saint Lawrence,Chippewa Bay
NY,Saint Lawrence,Colton
NY,Saint Lawrence,Cranberry Lake
NY,Saint Lawrence,De Kalb Junction
NY,Saint Lawrence,De Peyster
NY,Saint Lawrence,Edwards
NY,Saint Lawrence,Fine
NY,Saint Lawrence,Gouverneur
NY,Saint Lawrence,Hailesboro
NY,Saint Lawrence,Hammond
NY,Saint Lawrence,Hannawa Falls
NY,Saint Lawrence,Helena
NY,Saint Lawrence,Hermon
NY,Saint Lawrence,Heuvelton
NY,Saint Lawrence,Lawrenceville
NY,Saint Lawrence,Lisbon
NY,Saint Lawrence,Madrid
NY,Saint Lawrence,Massena
NY,Saint Lawrence,Morristown
NY,Saint Lawrence,Newton Falls
NY,Saint Lawrence,Nicholville
NY,Saint Lawrence,Norfolk
NY,Saint Lawrence,North Lawrence
NY,Saint Lawrence,Norwood
NY,Saint Lawrence,Ogdensburg
NY,Saint Lawrence,Oswegatchie
NY,Saint Lawrence,Parishville
NY,Saint Lawrence,Piercefield
NY,Saint Lawrence,Potsdam
NY,Saint Lawrence,Pyrites
NY,Saint Lawrence,Raymondville
NY,Saint Lawrence,Rensselaer Falls
NY,Saint Lawrence,Richville
NY,Saint Lawrence,Rooseveltown
NY,Saint Lawrence,Russell
NY,Saint Lawrence,South Colton
NY,Saint Lawrence,Star Lake
NY,Saint Lawrence,Waddington
NY,Saint Lawrence,Wanakena
NY,Saint Lawrence,West Stockholm
NY,Saint Lawrence,Winthrop
NY,Saratoga,Ballston Lake
NY,Saratoga,Ballston Spa
NY,Saratoga,Burnt Hills
NY,Saratoga,Clifton Park
NY,Saratoga,Corinth
NY,Saratoga,Galway
NY,Saratoga,Gansevoort
NY,Saratoga,Greenfield Center
NY,Saratoga,Hadley
NY,Saratoga,Mechanicville
NY,Saratoga,Middle Grove
NY,Saratoga,Porter Corners
NY,Saratoga,Rexford
NY,Saratoga,Rock City Falls
NY,Saratoga,Round Lake
NY,Saratoga,Saratoga Springs
NY,Saratoga,Schuylerville
NY,Saratoga,South Glens Falls
NY,Saratoga,Stillwater
NY,Saratoga,Victory Mills
NY,Saratoga,Waterford
NY,Schenectady,Alplaus
NY,Schenectady,Delanson
NY,Schenectady,Duanesburg
NY,Schenectady,Pattersonville
NY,Schenectady,Quaker Street
NY,Schenectady,Rotterdam Junction
NY,Schenectady,Schenectady
NY,Schoharie,Carlisle
NY,Schoharie,Central Bridge
NY,Schoharie,Charlotteville
NY,Schoharie,Cobleskill
NY,Schoharie,Fultonham
NY,Schoharie,Gallupville
NY,Schoharie,Gilboa
NY,Schoharie,Howes Cave
NY,Schoharie,Jefferson
NY,Schoharie,Middleburgh
NY,Schoharie,North Blenheim
NY,Schoharie,Richmondville
NY,Schoharie,Schoharie
NY,Schoharie,Sharon Springs
NY,Schoharie,Sloansville
NY,Schoharie,Summit
NY,Schoharie,Warnerville
NY,Schoharie,West Fulton
NY,Schuyler,Alpine
NY,Schuyler,Beaver Dams
NY,Schuyler,Burdett
NY,Schuyler,Cayuta
NY,Schuyler,Hector
NY,Schuyler,Mecklenburg
NY,Schuyler,Montour Falls
NY,Schuyler,Odessa
NY,Schuyler,Reading Center
NY,Schuyler,Tyrone
NY,Schuyler,Watkins Glen
NY,Schuyler,Wayne
NY,Seneca,Fayette
NY,Seneca,Interlaken
NY,Seneca,Lodi
NY,Seneca,Ovid
NY,Seneca,Romulus
NY,Seneca,Seneca Falls
NY,Seneca,Waterloo
NY,Seneca,Willard
NY,Steuben,Addison
NY,Steuben,Arkport
NY,Steuben,Atlanta
NY,Steuben,Avoca
NY,Steuben,Bath
NY,Steuben,Bradford
NY,Steuben,Cameron
NY,Steuben,Cameron Mills
NY,Steuben,Campbell
NY,Steuben,Canisteo
NY,Steuben,Cohocton
NY,Steuben,Coopers Plains
NY,Steuben,Corning
NY,Steuben,Greenwood
NY,Steuben,Hammondsport
NY,Steuben,Hornell
NY,Steuben,Jasper
NY,Steuben,Kanona
NY,Steuben,Lindley
NY,Steuben,Painted Post
NY,Steuben,Perkinsville
NY,Steuben,Prattsburgh
NY,Steuben,Pulteney
NY,Steuben,Rexville
NY,Steuben,Savona
NY,Steuben,Troupsburg
NY,Steuben,Wayland
NY,Steuben,Woodhull
NY,Suffolk,Amagansett
NY,Suffolk,Amityville
NY,Suffolk,Aquebogue
NY,Suffolk,Babylon
NY,Suffolk,Bay Shore
NY,Suffolk,Bayport
NY,Suffolk,Bellport
NY,Suffolk,Blue Point
NY,Suffolk,Bohemia
NY,Suffolk,Brentwood
NY,Suffolk,Bridgehampton
NY,Suffolk,Brightwaters
NY,Suffolk,Brookhaven
NY,Suffolk,Calverton
NY,Suffolk,Center Moriches
NY,Suffolk,Centereach
NY,Suffolk,Centerport
NY,Suffolk,Central Islip
NY,Suffolk,Cold Spring Harbor
NY,Suffolk,Commack
NY,Suffolk,Copiague
NY,Suffolk,Coram
NY,Suffolk,Cutchogue
NY,Suffolk,Deer Park
NY,Suffolk,East Hampton
NY,Suffolk,East Islip
NY,Suffolk,East Marion
NY,Suffolk,East Moriches
NY,Suffolk,East Northport
NY,Suffolk,East Quogue
NY,Suffolk,East Setauket
NY,Suffolk,Eastport
NY,Suffolk,Farmingville
NY,Suffolk,Fishers Island
NY,Suffolk,Great River
NY,Suffolk,Greenlawn
NY,Suffolk,Greenport
NY,Suffolk,Hampton Bays
NY,Suffolk,Hauppauge
NY,Suffolk,Holbrook
NY,Suffolk,Holtsville
NY,Suffolk,Huntington
NY,Suffolk,Huntington Station
NY,Suffolk,Islandia
NY,Suffolk,Islip
NY,Suffolk,Islip Terrace
NY,Suffolk,Jamesport
NY,Suffolk,Kings Park
NY,Suffolk,Lake Grove
NY,Suffolk,Laurel
NY,Suffolk,Lindenhurst
NY,Suffolk,Manorville
NY,Suffolk,Mastic
NY,Suffolk,Mastic Beach
NY,Suffolk,Mattituck
NY,Suffolk,Medford
NY,Suffolk,Melville
NY,Suffolk,Mid Island
NY,Suffolk,Middle Island
NY,Suffolk,Miller Place
NY,Suffolk,Montauk
NY,Suffolk,Moriches
NY,Suffolk,Mount Sinai
NY,Suffolk,Nesconset
NY,Suffolk,New Suffolk
NY,Suffolk,North Babylon
NY,Suffolk,Northport
NY,Suffolk,Oakdale
NY,Suffolk,Ocean Beach
NY,Suffolk,Orient
NY,Suffolk,Patchogue
NY,Suffolk,Peconic
NY,Suffolk,Port Jefferson
NY,Suffolk,Port Jefferson Station
NY,Suffolk,Quogue
NY,Suffolk,Remsenburg
NY,Suffolk,Ridge
NY,Suffolk,Riverhead
NY,Suffolk,Rocky Point
NY,Suffolk,Ronkonkoma
NY,Suffolk,Sag Harbor
NY,Suffolk,Sagaponack
NY,Suffolk,Saint James
NY,Suffolk,Sayville
NY,Suffolk,Selden
NY,Suffolk,Shelter Island
NY,Suffolk,Shelter Island Heights
NY,Suffolk,Shirley
NY,Suffolk,Shoreham
NY,Suffolk,Smithtown
NY,Suffolk,Sound Beach
NY,Suffolk,South Jamesport
NY,Suffolk,Southampton
NY,Suffolk,Southold
NY,Suffolk,Speonk
NY,Suffolk,Stony Brook
NY,Suffolk,Upton
NY,Suffolk,Wading River
NY,Suffolk,Wainscott
NY,Suffolk,Water Mill
NY,Suffolk,West Babylon
NY,Suffolk,West Islip
NY,Suffolk,West Sayville
NY,Suffolk,Westhampton
NY,Suffolk,Westhampton Beach
NY,Suffolk,Wyandanch
NY,Suffolk,Yaphank
NY,Sullivan,Barryville
NY,Sullivan,Bethel
NY,Sullivan,Bloomingburg
NY,Sullivan,Burlingham
NY,Sullivan,Callicoon
NY,Sullivan,Callicoon Center
NY,Sullivan,Claryville
NY,Sullivan,Cochecton
NY,Sullivan,Cochecton Center
NY,Sullivan,Eldred
NY,Sullivan,Fallsburg
NY,Sullivan,Ferndale
NY,Sullivan,Forestburgh
NY,Sullivan,Fremont Center
NY,Sullivan,Glen Spey
NY,Sullivan,Glen Wild
NY,Sullivan,Grahamsville
NY,Sullivan,Hankins
NY,Sullivan,Harris
NY,Sullivan,Highland Lake
NY,Sullivan,Hortonville
NY,Sullivan,Hurleyville
NY,Sullivan,Jeffersonville
NY,Sullivan,Kauneonga Lake
NY,Sullivan,Kenoza Lake
NY,Sullivan,Kiamesha Lake
NY,Sullivan,Lake Huntington
NY,Sullivan,Liberty
NY,Sullivan,Livingston Manor
NY,Sullivan,Loch Sheldrake
NY,Sullivan,Long Eddy
NY,Sullivan,Mongaup Valley
NY,Sullivan,Monticello
NY,Sullivan,Mountain Dale
NY,Sullivan,Narrowsburg
NY,Sullivan,Neversink
NY,Sullivan,North Branch
NY,Sullivan,Obernburg
NY,Sullivan,Parksville
NY,Sullivan,Phillipsport
NY,Sullivan,Pond Eddy
NY,Sullivan,Rock Hill
NY,Sullivan,Roscoe
NY,Sullivan,Smallwood
NY,Sullivan,South Fallsburg
NY,Sullivan,Summitville
NY,Sullivan,Swan Lake
NY,Sullivan,Thompsonville
NY,Sullivan,Westbrookville
NY,Sullivan,White Lake
NY,Sullivan,White Sulphur Springs
NY,Sullivan,Woodbourne
NY,Sullivan,Woodridge
NY,Sullivan,Wurtsboro
NY,Sullivan,Youngsville
NY,Sullivan,Yulan
NY,Tioga,Apalachin
NY,Tioga,Barton
NY,Tioga,Berkshire
NY,Tioga,Candor
NY,Tioga,Lockwood
NY,Tioga,Newark Valley
NY,Tioga,Nichols
NY,Tioga,Owego
NY,Tioga,Richford
NY,Tioga,Smithboro
NY,Tioga,Spencer
NY,Tioga,Tioga Center
NY,Tioga,Waverly
NY,Tioga,Willseyville
NY,Tompkins,Brooktondale
NY,Tompkins,Dryden
NY,Tompkins,Etna
NY,Tompkins,Freeville
NY,Tompkins,Groton
NY,Tompkins,Ithaca
NY,Tompkins,Jacksonville
NY,Tompkins,Lansing
NY,Tompkins,Mc Lean
NY,Tompkins,Newfield
NY,Tompkins,Slaterville Springs
NY,Tompkins,Trumansburg
NY,Ulster,Accord
NY,Ulster,Bearsville
NY,Ulster,Big Indian
NY,Ulster,Bloomington
NY,Ulster,Boiceville
NY,Ulster,Chichester
NY,Ulster,Clintondale
NY,Ulster,Connelly
NY,Ulster,Cottekill
NY,Ulster,Cragsmoor
NY,Ulster,Ellenville
NY,Ulster,Esopus
NY,Ulster,Gardiner
NY,Ulster,Glasco
NY,Ulster,Glenford
NY,Ulster,Greenfield Park
NY,Ulster,High Falls
NY,Ulster,Highland
NY,Ulster,Highmount
NY,Ulster,Hurley
NY,Ulster,Kerhonkson
NY,Ulster,Kingston
NY,Ulster,Lake Hill
NY,Ulster,Lake Katrine
NY,Ulster,Malden On Hudson
NY,Ulster,Marlboro
NY,Ulster,Milton
NY,Ulster,Modena
NY,Ulster,Mount Marion
NY,Ulster,Mount Tremper
NY,Ulster,Napanoch
NY,Ulster,New Paltz
NY,Ulster,Olivebridge
NY,Ulster,Phoenicia
NY,Ulster,Pine Hill
NY,Ulster,Plattekill
NY,Ulster,Port Ewen
NY,Ulster,Rifton
NY,Ulster,Rosendale
NY,Ulster,Ruby
NY,Ulster,Saugerties
NY,Ulster,Shandaken
NY,Ulster,Shokan
NY,Ulster,Spring Glen
NY,Ulster,Stone Ridge
NY,Ulster,Sundown
NY,Ulster,Tillson
NY,Ulster,Ulster Park
NY,Ulster,Walker Valley
NY,Ulster,Wallkill
NY,Ulster,Wawarsing
NY,Ulster,West Camp
NY,Ulster,West Hurley
NY,Ulster,West Park
NY,Ulster,West Shokan
NY,Ulster,Willow
NY,Ulster,Woodstock
NY,Warren,Adirondack
NY,Warren,Athol
NY,Warren,Bakers Mills
NY,Warren,Bolton Landing
NY,Warren,Brant Lake
NY,Warren,Chestertown
NY,Warren,Cleverdale
NY,Warren,Diamond Point
NY,Warren,Glens Falls
NY,Warren,Hague
NY,Warren,Johnsburg
NY,Warren,Kattskill Bay
NY,Warren,Lake George
NY,Warren,Lake Luzerne
NY,Warren,North Creek
NY,Warren,North River
NY,Warren,Pottersville
NY,Warren,Queensbury
NY,Warren,Riparius
NY,Warren,Silver Bay
NY,Warren,Stony Creek
NY,Warren,Warrensburg
NY,Warren,Wevertown
NY,Washington,Argyle
NY,Washington,Cambridge
NY,Washington,Clemons
NY,Washington,Comstock
NY,Washington,Cossayuna
NY,Washington,Eagle Bridge
NY,Washington,Fort Ann
NY,Washington,Fort Edward
NY,Washington,Granville
NY,Washington,Greenwich
NY,Washington,Hampton
NY,Washington,Hartford
NY,Washington,Hudson Falls
NY,Washington,Huletts Landing
NY,Washington,Middle Falls
NY,Washington,Middle Granville
NY,Washington,North Granville
NY,Washington,Putnam Station
NY,Washington,Salem
NY,Washington,Shushan
NY,Washington,Whitehall
NY,Wayne,Alton
NY,Wayne,Clyde
NY,Wayne,East Williamson
NY,Wayne,Lyons
NY,Wayne,Macedon
NY,Wayne,Marion
NY,Wayne,Newark
NY,Wayne,North Rose
NY,Wayne,Ontario
NY,Wayne,Ontario Center
NY,Wayne,Palmyra
NY,Wayne,Pultneyville
NY,Wayne,Red Creek
NY,Wayne,Rose
NY,Wayne,Savannah
NY,Wayne,Sodus
NY,Wayne,Sodus Point
NY,Wayne,South Butler
NY,Wayne,Union Hill
NY,Wayne,Walworth
NY,Wayne,Williamson
NY,Wayne,Wolcott
NY,Westchester,Amawalk
NY,Westchester,Ardsley
NY,Westchester,Ardsley On Hudson
NY,Westchester,Armonk
NY,Westchester,Baldwin Place
NY,Westchester,Bedford
NY,Westchester,Bedford Hills
NY,Westchester,Briarcliff Manor
NY,Westchester,Bronxville
NY,Westchester,Buchanan
NY,Westchester,Chappaqua
NY,Westchester,Cortlandt Manor
NY,Westchester,Crompond
NY,Westchester,Cross River
NY,Westchester,Croton Falls
NY,Westchester,Croton On Hudson
NY,Westchester,Dobbs Ferry
NY,Westchester,Eastchester
NY,Westchester,Elmsford
NY,Westchester,Goldens Bridge
NY,Westchester,Granite Springs
NY,Westchester,Harrison
NY,Westchester,Hartsdale
NY,Westchester,Hastings On Hudson
NY,Westchester,Hawthorne
NY,Westchester,Irvington
NY,Westchester,Jefferson Valley
NY,Westchester,Katonah
NY,Westchester,Larchmont
NY,Westchester,Lincolndale
NY,Westchester,Mamaroneck
NY,Westchester,Maryknoll
NY,Westchester,Millwood
NY,Westchester,Mohegan Lake
NY,Westchester,Montrose
NY,Westchester,Mount Kisco
NY,Westchester,Mount Vernon
NY,Westchester,New Rochelle
NY,Westchester,North Salem
NY,Westchester,Ossining
NY,Westchester,Peekskill
NY,Westchester,Pelham
NY,Westchester,Pleasantville
NY,Westchester,Port Chester
NY,Westchester,Pound Ridge
NY,Westchester,Purchase
NY,Westchester,Purdys
NY,Westchester,Rye
NY,Westchester,Scarsdale
NY,Westchester,Shenorock
NY,Westchester,Shrub Oak
NY,Westchester,Somers
NY,Westchester,South Salem
NY,Westchester,Tarrytown
NY,Westchester,Thornwood
NY,Westchester,Tuckahoe
NY,Westchester,Valhalla
NY,Westchester,Verplanck
NY,Westchester,Waccabuc
NY,Westchester,West Harrison
NY,Westchester,White Plains
NY,Westchester,Yonkers
NY,Westchester,Yorktown Heights
NY,Wyoming,Arcade
NY,Wyoming,Attica
NY,Wyoming,Bliss
NY,Wyoming,Castile
NY,Wyoming,Cowlesville
NY,Wyoming,Dale
NY,Wyoming,Gainesville
NY,Wyoming,Java Center
NY,Wyoming,Java Village
NY,Wyoming,North Java
NY,Wyoming,Perry
NY,Wyoming,Pike
NY,Wyoming,Portageville
NY,Wyoming,Silver Lake
NY,Wyoming,Silver Springs
NY,Wyoming,Strykersville
NY,Wyoming,Varysburg
NY,Wyoming,Warsaw
NY,Wyoming,Wyoming
NY,Yates,Bellona
NY,Yates,Branchport
NY,Yates,Dresden
NY,Yates,Dundee
NY,Yates,Himrod
NY,Yates,Keuka Park
NY,Yates,Lakemont
NY,Yates,Middlesex
NY,Yates,Penn Yan
NY,Yates,Rock Stream
NY,Yates,Rushville
NJ,Atlantic,Absecon
NJ,Atlantic,Atlantic City
NJ,Atlantic,Brigantine
NJ,Atlantic,Buena
NJ,Atlantic,Cologne
NJ,Atlantic,Dorothy
NJ,Atlantic,Egg Harbor City
NJ,Atlantic,Egg Harbor Township
NJ,Atlantic,Elwood
NJ,Atlantic,Estell Manor
NJ,Atlantic,Hammonton
NJ,Atlantic,Landisville
NJ,Atlantic,Leeds Point
NJ,Atlantic,Linwood
NJ,Atlantic,Longport
NJ,Atlantic,Margate City
NJ,Atlantic,Mays Landing
NJ,Atlantic,Milmay
NJ,Atlantic,Minotola
NJ,Atlantic,Mizpah
NJ,Atlantic,Newtonville
NJ,Atlantic,Northfield
NJ,Atlantic,Oceanville
NJ,Atlantic,Pleasantville
NJ,Atlantic,Pomona
NJ,Atlantic,Port Republic
NJ,Atlantic,Richland
NJ,Atlantic,Somers Point
NJ,Atlantic,Ventnor City
NJ,Bergen,Allendale
NJ,Bergen,Alpine
NJ,Bergen,Bergenfield
NJ,Bergen,Bogota
NJ,Bergen,Carlstadt
NJ,Bergen,Cliffside Park
NJ,Bergen,Closter
NJ,Bergen,Cresskill
NJ,Bergen,Demarest
NJ,Bergen,Dumont
NJ,Bergen,East Rutherford
NJ,Bergen,Edgewater
NJ,Bergen,Elmwood Park
NJ,Bergen,Emerson
NJ,Bergen,Englewood
NJ,Bergen,Englewood Cliffs
NJ,Bergen,Fair Lawn
NJ,Bergen,Fairview
NJ,Bergen,Fort Lee
NJ,Bergen,Franklin Lakes
NJ,Bergen,Garfield
NJ,Bergen,Glen Rock
NJ,Bergen,Hackensack
NJ,Bergen,Harrington Park
NJ,Bergen,Hasbrouck Heights
NJ,Bergen,Haworth
NJ,Bergen,Hillsdale
NJ,Bergen,Ho Ho Kus
NJ,Bergen,Leonia
NJ,Bergen,Little Ferry
NJ,Bergen,Lodi
NJ,Bergen,Lyndhurst
NJ,Bergen,Mahwah
NJ,Bergen,Maywood
NJ,Bergen,Midland Park
NJ,Bergen,Montvale
NJ,Bergen,Moonachie
NJ,Bergen,New Milford
NJ,Bergen,North Arlington
NJ,Bergen,Northvale
NJ,Bergen,Norwood
NJ,Bergen,Oakland
NJ,Bergen,Oradell
NJ,Bergen,Palisades Park
NJ,Bergen,Paramus
NJ,Bergen,Park Ridge
NJ,Bergen,Ramsey
NJ,Bergen,Ridgefield
NJ,Bergen,Ridgefield Park
NJ,Bergen,Ridgewood
NJ,Bergen,River Edge
NJ,Bergen,Rochelle Park
NJ,Bergen,Rutherford
NJ,Bergen,Saddle Brook
NJ,Bergen,Saddle River
NJ,Bergen,South Hackensack
NJ,Bergen,Teaneck
NJ,Bergen,Tenafly
NJ,Bergen,Teterboro
NJ,Bergen,Township Of Washington
NJ,Bergen,Waldwick
NJ,Bergen,Wallington
NJ,Bergen,Westwood
NJ,Bergen,Wood Ridge
NJ,Bergen,Woodcliff Lake
NJ,Bergen,Wyckoff
NJ,Burlington,Beverly
NJ,Burlington,Birmingham
NJ,Burlington,Bordentown
NJ,Burlington,Browns Mills
NJ,Burlington,Burlington
NJ,Burlington,Chatsworth
NJ,Burlington,Columbus
NJ,Burlington,Cookstown
NJ,Burlington,Crosswicks
NJ,Burlington,Florence
NJ,Burlington,Hainesport
NJ,Burlington,Jobstown
NJ,Burlington,Juliustown
NJ,Burlington,Lumberton
NJ,Burlington,Maple Shade
NJ,Burlington,Marlton
NJ,Burlington,Medford
NJ,Burlington,Moorestown
NJ,Burlington,Mount Holly
NJ,Burlington,Mount Laurel
NJ,Burlington,New Gretna
NJ,Burlington,New Lisbon
NJ,Burlington,Palmyra
NJ,Burlington,Pemberton
NJ,Burlington,Rancocas
NJ,Burlington,Riverside
NJ,Burlington,Riverton
NJ,Burlington,Roebling
NJ,Burlington,Trenton
NJ,Burlington,Vincentown
NJ,Burlington,Willingboro
NJ,Burlington,Wrightstown
NJ,Camden,Atco
NJ,Camden,Audubon
NJ,Camden,Barrington
NJ,Camden,Bellmawr
NJ,Camden,Berlin
NJ,Camden,Blackwood
NJ,Camden,Camden
NJ,Camden,Cedar Brook
NJ,Camden,Cherry Hill
NJ,Camden,Clementon
NJ,Camden,Collingswood
NJ,Camden,Gibbsboro
NJ,Camden,Glendora
NJ,Camden,Gloucester City
NJ,Camden,Haddon Heights
NJ,Camden,Haddonfield
NJ,Camden,Lawnside
NJ,Camden,Magnolia
NJ,Camden,Merchantville
NJ,Camden,Mount Ephraim
NJ,Camden,Oaklyn
NJ,Camden,Pennsauken
NJ,Camden,Runnemede
NJ,Camden,Sicklerville
NJ,Camden,Somerdale
NJ,Camden,Stratford
NJ,Camden,Voorhees
NJ,Camden,Waterford Works
NJ,Camden,West Berlin
NJ,Camden,Winslow
NJ,Cape May,Avalon
NJ,Cape May,Cape May
NJ,Cape May,Cape May Court House
NJ,Cape May,Cape May Point
NJ,Cape May,Dennisville
NJ,Cape May,Goshen
NJ,Cape May,Green Creek
NJ,Cape May,Marmora
NJ,Cape May,Ocean City
NJ,Cape May,Ocean View
NJ,Cape May,Rio Grande
NJ,Cape May,Sea Isle City
NJ,Cape May,South Dennis
NJ,Cape May,South Seaville
NJ,Cape May,Stone Harbor
NJ,Cape May,Strathmere
NJ,Cape May,Tuckahoe
NJ,Cape May,Villas
NJ,Cape May,Whitesboro
NJ,Cape May,Wildwood
NJ,Cape May,Woodbine
NJ,Cumberland,Bridgeton
NJ,Cumberland,Cedarville
NJ,Cumberland,Deerfield Street
NJ,Cumberland,Delmont
NJ,Cumberland,Dividing Creek
NJ,Cumberland,Dorchester
NJ,Cumberland,Fairton
NJ,Cumberland,Fortescue
NJ,Cumberland,Greenwich
NJ,Cumberland,Heislerville
NJ,Cumberland,Leesburg
NJ,Cumberland,Mauricetown
NJ,Cumberland,Millville
NJ,Cumberland,Newport
NJ,Cumberland,Port Elizabeth
NJ,Cumberland,Port Norris
NJ,Cumberland,Rosenhayn
NJ,Cumberland,Shiloh
NJ,Cumberland,Vineland
NJ,Essex,Belleville
NJ,Essex,Bloomfield
NJ,Essex,Caldwell
NJ,Essex,Cedar Grove
NJ,Essex,East Orange
NJ,Essex,Essex Fells
NJ,Essex,Fairfield
NJ,Essex,Glen Ridge
NJ,Essex,Irvington
NJ,Essex,Livingston
NJ,Essex,Maplewood
NJ,Essex,Millburn
NJ,Essex,Montclair
NJ,Essex,Newark
NJ,Essex,Nutley
NJ,Essex,Orange
NJ,Essex,Roseland
NJ,Essex,Short Hills
NJ,Essex,South Orange
NJ,Essex,Verona
NJ,Essex,West Orange
NJ,Gloucester,Bridgeport
NJ,Gloucester,Clarksboro
NJ,Gloucester,Clayton
NJ,Gloucester,Ewan
NJ,Gloucester,Franklinville
NJ,Gloucester,Gibbstown
NJ,Gloucester,Glassboro
NJ,Gloucester,Grenloch
NJ,Gloucester,Harrisonville
NJ,Gloucester,Malaga
NJ,Gloucester,Mantua
NJ,Gloucester,Mickleton
NJ,Gloucester,Monroeville
NJ,Gloucester,Mount Royal
NJ,Gloucester,Mullica Hill
NJ,Gloucester,National Park
NJ,Gloucester,Newfield
NJ,Gloucester,Paulsboro
NJ,Gloucester,Pitman
NJ,Gloucester,Richwood
NJ,Gloucester,Sewell
NJ,Gloucester,Swedesboro
NJ,Gloucester,Thorofare
NJ,Gloucester,Wenonah
NJ,Gloucester,Westville
NJ,Gloucester,Williamstown
NJ,Gloucester,Woodbury
NJ,Gloucester,Woodbury Heights
NJ,Hudson,Bayonne
NJ,Hudson,Harrison
NJ,Hudson,Hoboken
NJ,Hudson,Jersey City
NJ,Hudson,Kearny
NJ,Hudson,North Bergen
NJ,Hudson,Secaucus
NJ,Hudson,Union City
NJ,Hudson,Weehawken
NJ,Hudson,West New York
NJ,Hunterdon,Annandale
NJ,Hunterdon,Baptistown
NJ,Hunterdon,Bloomsbury
NJ,Hunterdon,Califon
NJ,Hunterdon,Clinton
NJ,Hunterdon,Flemington
NJ,Hunterdon,Frenchtown
NJ,Hunterdon,Glen Gardner
NJ,Hunterdon,Hampton
NJ,Hunterdon,High Bridge
NJ,Hunterdon,Lambertville
NJ,Hunterdon,Lebanon
NJ,Hunterdon,Little York
NJ,Hunterdon,Milford
NJ,Hunterdon,Oldwick
NJ,Hunterdon,Pittstown
NJ,Hunterdon,Pottersville
NJ,Hunterdon,Quakertown
NJ,Hunterdon,Readington
NJ,Hunterdon,Ringoes
NJ,Hunterdon,Rosemont
NJ,Hunterdon,Sergeantsville
NJ,Hunterdon,Stanton
NJ,Hunterdon,Stockton
NJ,Hunterdon,Three Bridges
NJ,Hunterdon,Whitehouse
NJ,Hunterdon,Whitehouse Station
NJ,Mercer,Hightstown
NJ,Mercer,Hopewell
NJ,Mercer,Pennington
NJ,Mercer,Princeton
NJ,Mercer,Princeton Junction
NJ,Mercer,Titusville
NJ,Mercer,Trenton
NJ,Mercer,Windsor
NJ,Middlesex,Avenel
NJ,Middlesex,Carteret
NJ,Middlesex,Colonia
NJ,Middlesex,Cranbury
NJ,Middlesex,Dayton
NJ,Middlesex,Dunellen
NJ,Middlesex,East Brunswick
NJ,Middlesex,Edison
NJ,Middlesex,Fords
NJ,Middlesex,Helmetta
NJ,Middlesex,Highland Park
NJ,Middlesex,Iselin
NJ,Middlesex,Keasbey
NJ,Middlesex,Kendall Park
NJ,Middlesex,Metuchen
NJ,Middlesex,Middlesex
NJ,Middlesex,Milltown
NJ,Middlesex,Monmouth Junction
NJ,Middlesex,Monroe Township
NJ,Middlesex,New Brunswick
NJ,Middlesex,North Brunswick
NJ,Middlesex,Old Bridge
NJ,Middlesex,Parlin
NJ,Middlesex,Perth Amboy
NJ,Middlesex,Piscataway
NJ,Middlesex,Plainsboro
NJ,Middlesex,Port Reading
NJ,Middlesex,Sayreville
NJ,Middlesex,Sewaren
NJ,Middlesex,South Amboy
NJ,Middlesex,South Plainfield
NJ,Middlesex,South River
NJ,Middlesex,Spotswood
NJ,Middlesex,Woodbridge
NJ,Monmouth,Adelphia
NJ,Monmouth,Allenhurst
NJ,Monmouth,Allentown
NJ,Monmouth,Allenwood
NJ,Monmouth,Asbury Park
NJ,Monmouth,Atlantic Highlands
NJ,Monmouth,Avon By The Sea
NJ,Monmouth,Belford
NJ,Monmouth,Belmar
NJ,Monmouth,Bradley Beach
NJ,Monmouth,Brielle
NJ,Monmouth,Clarksburg
NJ,Monmouth,Cliffwood
NJ,Monmouth,Colts Neck
NJ,Monmouth,Cream Ridge
NJ,Monmouth,Deal
NJ,Monmouth,Eatontown
NJ,Monmouth,Englishtown
NJ,Monmouth,Fair Haven
NJ,Monmouth,Farmingdale
NJ,Monmouth,Fort Monmouth
NJ,Monmouth,Freehold
NJ,Monmouth,Hazlet
NJ,Monmouth,Highlands
NJ,Monmouth,Holmdel
NJ,Monmouth,Howell
NJ,Monmouth,Imlaystown
NJ,Monmouth,Keansburg
NJ,Monmouth,Keyport
NJ,Monmouth,Leonardo
NJ,Monmouth,Lincroft
NJ,Monmouth,Little Silver
NJ,Monmouth,Long Branch
NJ,Monmouth,Manasquan
NJ,Monmouth,Marlboro
NJ,Monmouth,Matawan
NJ,Monmouth,Middletown
NJ,Monmouth,Monmouth Beach
NJ,Monmouth,Morganville
NJ,Monmouth,Navesink
NJ,Monmouth,Neptune
NJ,Monmouth,Oakhurst
NJ,Monmouth,Ocean Grove
NJ,Monmouth,Oceanport
NJ,Monmouth,Perrineville
NJ,Monmouth,Port Monmouth
NJ,Monmouth,Red Bank
NJ,Monmouth,Roosevelt
NJ,Monmouth,Rumson
NJ,Monmouth,Sea Girt
NJ,Monmouth,Shrewsbury
NJ,Monmouth,Spring Lake
NJ,Monmouth,Tennent
NJ,Monmouth,West Long Branch
NJ,Monmouth,Wickatunk
NJ,Morris,Boonton
NJ,Morris,Brookside
NJ,Morris,Budd Lake
NJ,Morris,Butler
NJ,Morris,Cedar Knolls
NJ,Morris,Chatham
NJ,Morris,Chester
NJ,Morris,Denville
NJ,Morris,Dover
NJ,Morris,East Hanover
NJ,Morris,Flanders
NJ,Morris,Florham Park
NJ,Morris,Gillette
NJ,Morris,Green Village
NJ,Morris,Hibernia
NJ,Morris,Ironia
NJ,Morris,Kenvil
NJ,Morris,Lake Hiawatha
NJ,Morris,Lake Hopatcong
NJ,Morris,Landing
NJ,Morris,Ledgewood
NJ,Morris,Lincoln Park
NJ,Morris,Long Valley
NJ,Morris,Madison
NJ,Morris,Mendham
NJ,Morris,Millington
NJ,Morris,Mine Hill
NJ,Morris,Montville
NJ,Morris,Morris Plains
NJ,Morris,Morristown
NJ,Morris,Mount Arlington
NJ,Morris,Mount Freedom
NJ,Morris,Mount Tabor
NJ,Morris,Mountain Lakes
NJ,Morris,Netcong
NJ,Morris,New Vernon
NJ,Morris,Parsippany
NJ,Morris,Pequannock
NJ,Morris,Picatinny Arsenal
NJ,Morris,Pine Brook
NJ,Morris,Pompton Plains
NJ,Morris,Randolph
NJ,Morris,Riverdale
NJ,Morris,Rockaway
NJ,Morris,Schooleys Mountain
NJ,Morris,Stirling
NJ,Morris,Succasunna
NJ,Morris,Towaco
NJ,Morris,Wharton
NJ,Morris,Whippany
NJ,Ocean,Barnegat
NJ,Ocean,Barnegat Light
NJ,Ocean,Bayville
NJ,Ocean,Beach Haven
NJ,Ocean,Beachwood
NJ,Ocean,Brick
NJ,Ocean,Forked River
NJ,Ocean,Island Heights
NJ,Ocean,Jackson
NJ,Ocean,Lakehurst
NJ,Ocean,Lakewood
NJ,Ocean,Lanoka Harbor
NJ,Ocean,Lavallette
NJ,Ocean,Manahawkin
NJ,Ocean,Manchester Township
NJ,Ocean,Mantoloking
NJ,Ocean,New Egypt
NJ,Ocean,Normandy Beach
NJ,Ocean,Ocean Gate
NJ,Ocean,Pine Beach
NJ,Ocean,Point Pleasant Beach
NJ,Ocean,Seaside Heights
NJ,Ocean,Seaside Park
NJ,Ocean,Toms River
NJ,Ocean,Tuckerton
NJ,Ocean,Waretown
NJ,Ocean,West Creek
NJ,Passaic,Bloomingdale
NJ,Passaic,Clifton
NJ,Passaic,Haledon
NJ,Passaic,Haskell
NJ,Passaic,Hawthorne
NJ,Passaic,Hewitt
NJ,Passaic,Little Falls
NJ,Passaic,Newfoundland
NJ,Passaic,Oak Ridge
NJ,Passaic,Passaic
NJ,Passaic,Paterson
NJ,Passaic,Pompton Lakes
NJ,Passaic,Ringwood
NJ,Passaic,Totowa
NJ,Passaic,Wanaque
NJ,Passaic,Wayne
NJ,Passaic,West Milford
NJ,Salem,Alloway
NJ,Salem,Deepwater
NJ,Salem,Elmer
NJ,Salem,Hancocks Bridge
NJ,Salem,Norma
NJ,Salem,Pedricktown
NJ,Salem,Penns Grove
NJ,Salem,Pennsville
NJ,Salem,Quinton
NJ,Salem,Salem
NJ,Salem,Woodstown
NJ,Somerset,Basking Ridge
NJ,Somerset,Bedminster
NJ,Somerset,Belle Mead
NJ,Somerset,Bernardsville
NJ,Somerset,Blawenburg
NJ,Somerset,Bound Brook
NJ,Somerset,Bridgewater
NJ,Somerset,Far Hills
NJ,Somerset,Flagtown
NJ,Somerset,Franklin Park
NJ,Somerset,Gladstone
NJ,Somerset,Hillsborough
NJ,Somerset,Kingston
NJ,Somerset,Liberty Corner
NJ,Somerset,Lyons
NJ,Somerset,Manville
NJ,Somerset,Martinsville
NJ,Somerset,Neshanic Station
NJ,Somerset,Peapack
NJ,Somerset,Pluckemin
NJ,Somerset,Raritan
NJ,Somerset,Rocky Hill
NJ,Somerset,Skillman
NJ,Somerset,Somerset
NJ,Somerset,Somerville
NJ,Somerset,South Bound Brook
NJ,Somerset,Warren
NJ,Somerset,Watchung
NJ,Somerset,Zarephath
NJ,Sussex,Andover
NJ,Sussex,Augusta
NJ,Sussex,Branchville
NJ,Sussex,Franklin
NJ,Sussex,Glasser
NJ,Sussex,Glenwood
NJ,Sussex,Greendell
NJ,Sussex,Hamburg
NJ,Sussex,Highland Lakes
NJ,Sussex,Hopatcong
NJ,Sussex,Lafayette
NJ,Sussex,Layton
NJ,Sussex,Mc Afee
NJ,Sussex,Middleville
NJ,Sussex,Montague
NJ,Sussex,Newton
NJ,Sussex,Ogdensburg
NJ,Sussex,Sparta
NJ,Sussex,Stanhope
NJ,Sussex,Stillwater
NJ,Sussex,Stockholm
NJ,Sussex,Sussex
NJ,Sussex,Swartswood
NJ,Sussex,Tranquility
NJ,Sussex,Vernon
NJ,Sussex,Wallpack Center
NJ,Union,Berkeley Heights
NJ,Union,Clark
NJ,Union,Cranford
NJ,Union,Elizabeth
NJ,Union,Fanwood
NJ,Union,Garwood
NJ,Union,Hillside
NJ,Union,Kenilworth
NJ,Union,Linden
NJ,Union,Mountainside
NJ,Union,New Providence
NJ,Union,Plainfield
NJ,Union,Rahway
NJ,Union,Roselle
NJ,Union,Roselle Park
NJ,Union,Scotch Plains
NJ,Union,Springfield
NJ,Union,Summit
NJ,Union,Union
NJ,Union,Vauxhall
NJ,Union,Westfield
NJ,Warren,Allamuchy
NJ,Warren,Asbury
NJ,Warren,Belvidere
NJ,Warren,Blairstown
NJ,Warren,Broadway
NJ,Warren,Buttzville
NJ,Warren,Changewater
NJ,Warren,Columbia
NJ,Warren,Delaware
NJ,Warren,Great Meadows
NJ,Warren,Hackettstown
NJ,Warren,Hope
NJ,Warren,Johnsonburg
NJ,Warren,Oxford
NJ,Warren,Phillipsburg
NJ,Warren,Port Murray
NJ,Warren,Stewartsville
NJ,Warren,Vienna
NJ,Warren,Washington